{"cameraMode":{"drawMode":0,"name":"Shaded","section":"Shading Mode"},"sceneLighting":true,"audioPlay":false,"sceneViewState":{"showFog":true,"showMaterialUpdate":false,"showSkybox":true,"showFlares":true,"showImageEffects":true,"showParticleSystems":true},"in2DMode":false,"pivot":{"x":2.288548231124878,"y":0.8488459587097168,"z":2.641127586364746},"rotation":{"x":-0.309790700674057,"y":0.04333361238241196,"z":-0.01413690485060215,"w":-0.9497163891792297},"size":6.226531505584717,"orthographic":false}